sku,path
EP047R,/Users/anna.nardi/Library/CloudStorage/OneDrive-Raccoltecondivise-DuckyNetworkS.r.l/E-Commerce - FOTO PRODOTTO 2019_2022_2023_2024_2025/DISCHI/EPTA STAGE 0/EPR047R/EP047R.jpg
EPR047L,/Users/anna.nardi/Library/CloudStorage/OneDrive-Raccoltecondivise-DuckyNetworkS.r.l/E-Commerce - FOTO PRODOTTO 2019_2022_2023_2024_2025/DISCHI/EPTA STAGE 0/EPR047L.jpg
EPR047R,/Users/anna.nardi/Library/CloudStorage/OneDrive-Raccoltecondivise-DuckyNetworkS.r.l/E-Commerce - FOTO PRODOTTO 2019_2022_2023_2024_2025/DISCHI/EPTA STAGE 0/EPR047R.jpg
EPR070L,/Users/anna.nardi/Library/CloudStorage/OneDrive-Raccoltecondivise-DuckyNetworkS.r.l/E-Commerce - FOTO PRODOTTO 2019_2022_2023_2024_2025/DISCHI/EPTA STAGE 0/EPR070L.jpg
EPR070R,/Users/anna.nardi/Library/CloudStorage/OneDrive-Raccoltecondivise-DuckyNetworkS.r.l/E-Commerce - FOTO PRODOTTO 2019_2022_2023_2024_2025/DISCHI/EPTA STAGE 0/EPR070R.jpg
EPR071L,/Users/anna.nardi/Library/CloudStorage/OneDrive-Raccoltecondivise-DuckyNetworkS.r.l/E-Commerce - FOTO PRODOTTO 2019_2022_2023_2024_2025/DISCHI/EPTA STAGE 0/EPR071L.jpg
EPR071R,/Users/anna.nardi/Library/CloudStorage/OneDrive-Raccoltecondivise-DuckyNetworkS.r.l/E-Commerce - FOTO PRODOTTO 2019_2022_2023_2024_2025/DISCHI/EPTA STAGE 0/EPR071R.jpg
EPR073L,/Users/anna.nardi/Library/CloudStorage/OneDrive-Raccoltecondivise-DuckyNetworkS.r.l/E-Commerce - FOTO PRODOTTO 2019_2022_2023_2024_2025/DISCHI/EPTA STAGE 0/EPR073L.jpg
EPR073R,/Users/anna.nardi/Library/CloudStorage/OneDrive-Raccoltecondivise-DuckyNetworkS.r.l/E-Commerce - FOTO PRODOTTO 2019_2022_2023_2024_2025/DISCHI/EPTA STAGE 0/EPR073R.jpg
EPR090L,/Users/anna.nardi/Library/CloudStorage/OneDrive-Raccoltecondivise-DuckyNetworkS.r.l/E-Commerce - FOTO PRODOTTO 2019_2022_2023_2024_2025/DISCHI/EPTA STAGE 0/EPR090L.jpg
EPR090R,/Users/anna.nardi/Library/CloudStorage/OneDrive-Raccoltecondivise-DuckyNetworkS.r.l/E-Commerce - FOTO PRODOTTO 2019_2022_2023_2024_2025/DISCHI/EPTA STAGE 0/EPR090R.jpg
EPR098L,/Users/anna.nardi/Library/CloudStorage/OneDrive-Raccoltecondivise-DuckyNetworkS.r.l/E-Commerce - FOTO PRODOTTO 2019_2022_2023_2024_2025/DISCHI/EPTA STAGE 0/EPR098L.jpg
EPR098R,/Users/anna.nardi/Library/CloudStorage/OneDrive-Raccoltecondivise-DuckyNetworkS.r.l/E-Commerce - FOTO PRODOTTO 2019_2022_2023_2024_2025/DISCHI/EPTA STAGE 0/EPR098R.jpg
EPR105L,/Users/anna.nardi/Library/CloudStorage/OneDrive-Raccoltecondivise-DuckyNetworkS.r.l/E-Commerce - FOTO PRODOTTO 2019_2022_2023_2024_2025/DISCHI/EPTA STAGE 0/EPR105L.jpg
EPR105R,/Users/anna.nardi/Library/CloudStorage/OneDrive-Raccoltecondivise-DuckyNetworkS.r.l/E-Commerce - FOTO PRODOTTO 2019_2022_2023_2024_2025/DISCHI/EPTA STAGE 0/EPR105R.jpg
EPR111L,/Users/anna.nardi/Library/CloudStorage/OneDrive-Raccoltecondivise-DuckyNetworkS.r.l/E-Commerce - FOTO PRODOTTO 2019_2022_2023_2024_2025/DISCHI/EPTA STAGE 0/EPR111L.jpg
EPR111R,/Users/anna.nardi/Library/CloudStorage/OneDrive-Raccoltecondivise-DuckyNetworkS.r.l/E-Commerce - FOTO PRODOTTO 2019_2022_2023_2024_2025/DISCHI/EPTA STAGE 0/EPR111R.jpg
