sku,file_candidati
B1-3547-45,/Users/anna.nardi/Library/CloudStorage/OneDrive-Raccoltecondivise-DuckyNetworkS.r.l/E-Commerce - FOTO PRODOTTO 2019_2022_2023_2024_2025/INGRANAGGI_Braking/B1-3547-45.jpg | /Users/anna.nardi/Library/CloudStorage/OneDrive-Raccoltecondivise-DuckyNetworkS.r.l/E-Commerce - FOTO PRODOTTO 2019_2022_2023_2024_2025/INGRANAGGI_Braking/B1-3547-45.png
B1-3Z99-40,/Users/anna.nardi/Library/CloudStorage/OneDrive-Raccoltecondivise-DuckyNetworkS.r.l/E-Commerce - FOTO PRODOTTO 2019_2022_2023_2024_2025/INGRANAGGI_Braking/B1-3Z99-40.jpg | /Users/anna.nardi/Library/CloudStorage/OneDrive-Raccoltecondivise-DuckyNetworkS.r.l/E-Commerce - FOTO PRODOTTO 2019_2022_2023_2024_2025/INGRANAGGI_Braking/B1-3Z99-40.png
B1-5500-45,/Users/anna.nardi/Library/CloudStorage/OneDrive-Raccoltecondivise-DuckyNetworkS.r.l/E-Commerce - FOTO PRODOTTO 2019_2022_2023_2024_2025/INGRANAGGI_Braking/B1-5500-45.jpg | /Users/anna.nardi/Library/CloudStorage/OneDrive-Raccoltecondivise-DuckyNetworkS.r.l/E-Commerce - FOTO PRODOTTO 2019_2022_2023_2024_2025/INGRANAGGI_Braking/B1-5500-45.png
EP047R,/Users/anna.nardi/Library/CloudStorage/OneDrive-Raccoltecondivise-DuckyNetworkS.r.l/E-Commerce - FOTO PRODOTTO 2019_2022_2023_2024_2025/DISCHI/EPTA STAGE 0/EPR047R/EP047R.jpg | /Users/anna.nardi/Library/CloudStorage/OneDrive-Raccoltecondivise-DuckyNetworkS.r.l/E-Commerce - FOTO PRODOTTO 2019_2022_2023_2024_2025/DISCHI/EPTA/EP047R.jpg
EPR047L,/Users/anna.nardi/Library/CloudStorage/OneDrive-Raccoltecondivise-DuckyNetworkS.r.l/E-Commerce - FOTO PRODOTTO 2019_2022_2023_2024_2025/DISCHI/EPTA STAGE 0/EPR047L.jpg | /Users/anna.nardi/Library/CloudStorage/OneDrive-Raccoltecondivise-DuckyNetworkS.r.l/E-Commerce - FOTO PRODOTTO 2019_2022_2023_2024_2025/DISCHI/EPTA STAGE 0/EPR047R/EPR047L.jpg
EPR047R,/Users/anna.nardi/Library/CloudStorage/OneDrive-Raccoltecondivise-DuckyNetworkS.r.l/E-Commerce - FOTO PRODOTTO 2019_2022_2023_2024_2025/DISCHI/EPTA STAGE 0/EPR047R.jpg | /Users/anna.nardi/Library/CloudStorage/OneDrive-Raccoltecondivise-DuckyNetworkS.r.l/E-Commerce - FOTO PRODOTTO 2019_2022_2023_2024_2025/DISCHI/EPTA STAGE 0/EPR047R/EPR047R.jpg
EPR070L,/Users/anna.nardi/Library/CloudStorage/OneDrive-Raccoltecondivise-DuckyNetworkS.r.l/E-Commerce - FOTO PRODOTTO 2019_2022_2023_2024_2025/DISCHI/EPTA STAGE 0/EPR070L.jpg | /Users/anna.nardi/Library/CloudStorage/OneDrive-Raccoltecondivise-DuckyNetworkS.r.l/E-Commerce - FOTO PRODOTTO 2019_2022_2023_2024_2025/DISCHI/EPTA STAGE 0/EPR070R/EPR070L.jpg
EPR070R,/Users/anna.nardi/Library/CloudStorage/OneDrive-Raccoltecondivise-DuckyNetworkS.r.l/E-Commerce - FOTO PRODOTTO 2019_2022_2023_2024_2025/DISCHI/EPTA STAGE 0/EPR070R.jpg | /Users/anna.nardi/Library/CloudStorage/OneDrive-Raccoltecondivise-DuckyNetworkS.r.l/E-Commerce - FOTO PRODOTTO 2019_2022_2023_2024_2025/DISCHI/EPTA STAGE 0/EPR070R/EPR070R.jpg
EPR071L,/Users/anna.nardi/Library/CloudStorage/OneDrive-Raccoltecondivise-DuckyNetworkS.r.l/E-Commerce - FOTO PRODOTTO 2019_2022_2023_2024_2025/DISCHI/EPTA STAGE 0/EPR071L.jpg | /Users/anna.nardi/Library/CloudStorage/OneDrive-Raccoltecondivise-DuckyNetworkS.r.l/E-Commerce - FOTO PRODOTTO 2019_2022_2023_2024_2025/DISCHI/EPTA STAGE 0/EPR071R/EPR071L.jpg
EPR071R,/Users/anna.nardi/Library/CloudStorage/OneDrive-Raccoltecondivise-DuckyNetworkS.r.l/E-Commerce - FOTO PRODOTTO 2019_2022_2023_2024_2025/DISCHI/EPTA STAGE 0/EPR071R.jpg | /Users/anna.nardi/Library/CloudStorage/OneDrive-Raccoltecondivise-DuckyNetworkS.r.l/E-Commerce - FOTO PRODOTTO 2019_2022_2023_2024_2025/DISCHI/EPTA STAGE 0/EPR071R/EPR071R.jpg
EPR073L,/Users/anna.nardi/Library/CloudStorage/OneDrive-Raccoltecondivise-DuckyNetworkS.r.l/E-Commerce - FOTO PRODOTTO 2019_2022_2023_2024_2025/DISCHI/EPTA STAGE 0/EPR073L.jpg | /Users/anna.nardi/Library/CloudStorage/OneDrive-Raccoltecondivise-DuckyNetworkS.r.l/E-Commerce - FOTO PRODOTTO 2019_2022_2023_2024_2025/DISCHI/EPTA STAGE 0/EPR073R/EPR073L.jpg
EPR073R,/Users/anna.nardi/Library/CloudStorage/OneDrive-Raccoltecondivise-DuckyNetworkS.r.l/E-Commerce - FOTO PRODOTTO 2019_2022_2023_2024_2025/DISCHI/EPTA STAGE 0/EPR073R.jpg | /Users/anna.nardi/Library/CloudStorage/OneDrive-Raccoltecondivise-DuckyNetworkS.r.l/E-Commerce - FOTO PRODOTTO 2019_2022_2023_2024_2025/DISCHI/EPTA STAGE 0/EPR090R/EPR073R.jpg | /Users/anna.nardi/Library/CloudStorage/OneDrive-Raccoltecondivise-DuckyNetworkS.r.l/E-Commerce - FOTO PRODOTTO 2019_2022_2023_2024_2025/DISCHI/EPTA STAGE 0/EPR073R/EPR073R.jpg
EPR090L,/Users/anna.nardi/Library/CloudStorage/OneDrive-Raccoltecondivise-DuckyNetworkS.r.l/E-Commerce - FOTO PRODOTTO 2019_2022_2023_2024_2025/DISCHI/EPTA STAGE 0/EPR090L.jpg | /Users/anna.nardi/Library/CloudStorage/OneDrive-Raccoltecondivise-DuckyNetworkS.r.l/E-Commerce - FOTO PRODOTTO 2019_2022_2023_2024_2025/DISCHI/EPTA STAGE 0/EPR090R/EPR090L.jpg
EPR090R,/Users/anna.nardi/Library/CloudStorage/OneDrive-Raccoltecondivise-DuckyNetworkS.r.l/E-Commerce - FOTO PRODOTTO 2019_2022_2023_2024_2025/DISCHI/EPTA STAGE 0/EPR090R.jpg | /Users/anna.nardi/Library/CloudStorage/OneDrive-Raccoltecondivise-DuckyNetworkS.r.l/E-Commerce - FOTO PRODOTTO 2019_2022_2023_2024_2025/DISCHI/EPTA STAGE 0/EPR090R/EPR090R.jpg
EPR098L,/Users/anna.nardi/Library/CloudStorage/OneDrive-Raccoltecondivise-DuckyNetworkS.r.l/E-Commerce - FOTO PRODOTTO 2019_2022_2023_2024_2025/DISCHI/EPTA STAGE 0/EPR098L.jpg | /Users/anna.nardi/Library/CloudStorage/OneDrive-Raccoltecondivise-DuckyNetworkS.r.l/E-Commerce - FOTO PRODOTTO 2019_2022_2023_2024_2025/DISCHI/EPTA STAGE 0/EPR098R/EPR098L.jpg
EPR098R,/Users/anna.nardi/Library/CloudStorage/OneDrive-Raccoltecondivise-DuckyNetworkS.r.l/E-Commerce - FOTO PRODOTTO 2019_2022_2023_2024_2025/DISCHI/EPTA STAGE 0/EPR098R.jpg | /Users/anna.nardi/Library/CloudStorage/OneDrive-Raccoltecondivise-DuckyNetworkS.r.l/E-Commerce - FOTO PRODOTTO 2019_2022_2023_2024_2025/DISCHI/EPTA STAGE 0/EPR098R/EPR098R.jpg
EPR105L,/Users/anna.nardi/Library/CloudStorage/OneDrive-Raccoltecondivise-DuckyNetworkS.r.l/E-Commerce - FOTO PRODOTTO 2019_2022_2023_2024_2025/DISCHI/EPTA STAGE 0/EPR105L.jpg | /Users/anna.nardi/Library/CloudStorage/OneDrive-Raccoltecondivise-DuckyNetworkS.r.l/E-Commerce - FOTO PRODOTTO 2019_2022_2023_2024_2025/DISCHI/EPTA STAGE 0/EPR105R/EPR105L.jpg
EPR105R,/Users/anna.nardi/Library/CloudStorage/OneDrive-Raccoltecondivise-DuckyNetworkS.r.l/E-Commerce - FOTO PRODOTTO 2019_2022_2023_2024_2025/DISCHI/EPTA STAGE 0/EPR105R.jpg | /Users/anna.nardi/Library/CloudStorage/OneDrive-Raccoltecondivise-DuckyNetworkS.r.l/E-Commerce - FOTO PRODOTTO 2019_2022_2023_2024_2025/DISCHI/EPTA STAGE 0/EPR105R/EPR105R.jpg
EPR111L,/Users/anna.nardi/Library/CloudStorage/OneDrive-Raccoltecondivise-DuckyNetworkS.r.l/E-Commerce - FOTO PRODOTTO 2019_2022_2023_2024_2025/DISCHI/EPTA STAGE 0/EPR111L.jpg | /Users/anna.nardi/Library/CloudStorage/OneDrive-Raccoltecondivise-DuckyNetworkS.r.l/E-Commerce - FOTO PRODOTTO 2019_2022_2023_2024_2025/DISCHI/EPTA STAGE 0/EPR111R/EPR111L.jpg
EPR111R,/Users/anna.nardi/Library/CloudStorage/OneDrive-Raccoltecondivise-DuckyNetworkS.r.l/E-Commerce - FOTO PRODOTTO 2019_2022_2023_2024_2025/DISCHI/EPTA STAGE 0/EPR111R.jpg | /Users/anna.nardi/Library/CloudStorage/OneDrive-Raccoltecondivise-DuckyNetworkS.r.l/E-Commerce - FOTO PRODOTTO 2019_2022_2023_2024_2025/DISCHI/EPTA STAGE 0/EPR111R/EPR111R.jpg
S3 POSTERIORE OFF BAFFATO - 95,/Users/anna.nardi/Library/CloudStorage/OneDrive-Raccoltecondivise-DuckyNetworkS.r.l/E-Commerce - FOTO PRODOTTO 2019_2022_2023_2024_2025/DISCHI/S3/S3 Posteriore/S3 Posteriore Editate/S3 Posteriore OFF Baffato - 95.png | /Users/anna.nardi/Library/CloudStorage/OneDrive-Raccoltecondivise-DuckyNetworkS.r.l/E-Commerce - FOTO PRODOTTO 2019_2022_2023_2024_2025/DISCHI/S3/S3 Posteriore/S3 Posteriore Editate/S3 Posteriore OFF Baffato - 95.jpg
S3 POSTERIORE OFF LISCIO - 97,/Users/anna.nardi/Library/CloudStorage/OneDrive-Raccoltecondivise-DuckyNetworkS.r.l/E-Commerce - FOTO PRODOTTO 2019_2022_2023_2024_2025/DISCHI/S3/S3 Posteriore/S3 Posteriore OFF Liscio - 97.png | /Users/anna.nardi/Library/CloudStorage/OneDrive-Raccoltecondivise-DuckyNetworkS.r.l/E-Commerce - FOTO PRODOTTO 2019_2022_2023_2024_2025/DISCHI/S3/S3 Posteriore/S3 Posteriore Editate/S3 Posteriore OFF Liscio - 97.png | /Users/anna.nardi/Library/CloudStorage/OneDrive-Raccoltecondivise-DuckyNetworkS.r.l/E-Commerce - FOTO PRODOTTO 2019_2022_2023_2024_2025/DISCHI/S3/S3 Posteriore/S3 Posteriore Editate/S3 Posteriore OFF Liscio - 97.jpg
