sku,nome_prodotto,brand,categoria
1159.04.1244,KIT REPLACEMENT,BRAKI,REPLACEMENT#ALL#REP
1872.04.2428,KIT REPLACEMENT,BRAKI,REPLACEMENT#ALL#REP
226CM55,PAD SINTERED,BRAKI,PADS#ON ROAD#CHALLENGE#CM55
227CM56,PAD SINTERED,BRAKI,PADS#ON ROAD#CHALLENGE#CM56
AC004,BRAKE SWITCHES,BRAKI,REPLACEMENT#ALL#REP
B1220D,BRAKE DISK WAVE FIX REAR,BRAKI,REPLACEMENT#ALL#REP
B55617,DRIVE SPROCKET 530-17,BRAKI,SPROCKET#ON ROAD#URBAN#P-DRIVE
B57015,DRIVE SPROCKET 530-15,BRAKI,SPROCKET#ON ROAD#URBAN#P-DRIVE
BY1501,BRAKE DISK BATFLY SERIES REAR,BRAKI,DISKS#ON ROAD#RACING#BFRE
BY4127E,EPTA DISK BATFLY FRONT AL-HUB Ø270,BRAKI,DISKS#OFF ROAD#RACING#EPTA BATFLY OFF ROAD
BY4132E,EPTA DISK BATFLY FRONT AL-HUB Ø280,BRAKI,DISKS#OFF ROAD#RACING#EPTA BATFLY OFF ROAD
BY709R,BRAKE DISK BATFLY FLOATING AL-HUB Ø320,BRAKI,DISKS#ON ROAD#RACING#BATFLY STRADA
BY9004R,BRAKE DISK WAVE FIX BATFLY,BRAKI,DISKS#ATV#RACING#BATFLY
BY9006R,BRAKE DISK WAVE FIX BATFLY,BRAKI,DISKS#ATV#RACING#BATFLY
BY9009L,BRAKE DISK WAVE FIX BATFLY,BRAKI,DISKS#ATV#RACING#BATFLY
BY9020L,BRAKE DISK WAVE FIX BATFLY,BRAKI,DISKS#ATV#RACING#BATFLY
BY9021L,BRAKE DISK WAVE FIX BATFLY,BRAKI,DISKS#ATV#RACING#BATFLY
BY9021R,BRAKE DISK WAVE FIX BATFLY,BRAKI,DISKS#ATV#RACING#BATFLY
CAC26F,CALIPER BICYCLE FRONT 26 mm INCAS,BRAKI,CALIPERS & BRACKETS#BICI#RACING#BICYCLE CALIPER
CAC26R,CALIPER BICYCLE REAR 26 mm INCAS,BRAKI,CALIPERS & BRACKETS#BICI#RACING#BICYCLE CALIPER
CK0003,CENTER LOCK ADAPTER 15/20 mm BLACK,BRAKI,REPLACEMENT#BICI#CHALLENGE#REP
CK0004,CENTER LOCK EXTERNAL NUT BLACK,BRAKI,REPLACEMENT#BICI#CHALLENGE#REP
DOT5.1BK,BRAKE FLUID DOT5.1 250 ML,BRAKI,OIL#ALL#BRAKE FLUID
EP155L,EPTA DISK WAVE FLOATING AL-HUB Ø320,BRAKI,DISKS#ON ROAD#RACING#EPTA ONROAD
EP155R,EPTA DISK WAVE FLOATING AL-HUB Ø320,BRAKI,DISKS#ON ROAD#RACING#EPTA ONROAD
EP156L,EPTA DISK WAVE FLOATING AL-HUB Ø330,BRAKI,DISKS#ON ROAD#RACING#EPTA ONROAD
EP156R,EPTA DISK WAVE FLOATING AL-HUB Ø330,BRAKI,DISKS#ON ROAD#RACING#EPTA ONROAD
EPR136R,"EPTA DISK WAVE FLOATING AL-HUB Ø320 TH. 5,8 STAGE 0",BRAKI,DISKS#ON ROAD#RACING#STAGE 0
EPR147L,"EPTA DISK WAVE FLOATING AL-HUB Ø320 TH. 5,8 STAGE 0",BRAKI,DISKS#ON ROAD#RACING#STAGE 0
EPR147R,"EPTA DISK WAVE FLOATING AL-HUB Ø320 TH. 5,8 STAGE 0",BRAKI,DISKS#ON ROAD#RACING#STAGE 0
EPR2002,"BICYCLE WAVE DISC Ø180 STAGE 0 TH. 2,2mm",BRAKI,DISKS#BICI#RACING#EPTA BICYCLE
EPR2003,"BICYCLE WAVE DISC Ø203 STAGE 0 TH. 2,2mm",BRAKI,DISKS#BICI#RACING#EPTA BICYCLE
EPR2004,"BICYCLE WAVE DISC Ø220 STAGE 0 TH. 2,2mm",BRAKI,DISKS#BICI#RACING#EPTA BICYCLE
EPR2006,"BICYCLE WAVE DISC Ø180 STAGE 0 TH. 2,2mm CENTER LOCK",BRAKI,DISKS#BICI#RACING#EPTA BICYCLE
EPR2007,"BICYCLE WAVE DISC Ø203 STAGE 0 TH. 2,2mm CENTER LOCK",BRAKI,DISKS#BICI#RACING#EPTA BICYCLE
EPR2008,"BICYCLE WAVE DISC Ø220 STAGE 0 TH. 2,2mm CENTER LOCK",BRAKI,DISKS#BICI#RACING#EPTA BICYCLE
EPR2009,"BICYCLE WAVE DISC Ø160 STAGE 0 TH. 1,9mm CENTER LOCK",BRAKI,DISKS#BICI#RACING#EPTA BICYCLE
EPR2010,"BICYCLE WAVE DISC Ø180 STAGE 0 TH. 1,9mm CENTER LOCK",BRAKI,DISKS#BICI#RACING#EPTA BICYCLE
EPR2011,"BICYCLE WAVE DISC Ø160 STAGE 0 TH. 1,9mm",BRAKI,DISKS#BICI#RACING#EPTA BICYCLE
EPR2012,"BICYCLE WAVE DISC Ø180 STAGE 0 TH. 1,9mm",BRAKI,DISKS#BICI#RACING#EPTA BICYCLE
GL07FLOWD,BRAKE DISK WAVE FLOATING FRONT STEEL HUB,BRAKI,DISKS#SCOOTER#RACING#W-FLO
HB520MXZ5120G,CATENA RK 520MXZ5-120 CL GOLD,RK,CATENE#OFF ROAD#RACING#MXZ5
HB520XRE120G,CATENA RK GB520XRE-120 CLF GOLD,RK,CATENE#ON ROAD#CHALLENGE#XRE
HB525XRE120G,CATENA RK GB525XRE-120 CLF GOLD,RK,CATENE#ON ROAD#CHALLENGE#XRE
HB530XRE120G,CATENA RK GB530XRE-120 CLF GOLD,RK,CATENE#ON ROAD#CHALLENGE#XRE
HB752056120G,CATENA RK GB520MXU-120  CL GOLD,RK,CATENE#OFF ROAD#RACING#MXU
HB752071120G,CATENA RK GB520EXW-120 CLF GOLD,RK,CATENE#OFF ROAD#RACING#EXW
HB752075120G,CATENA RK GB520ZXW-120 CLF - TOTAL GOLD,RK,CATENE#ON ROAD#RACING#ZXW
HB752575120G,CATENA RK GB525ZXW-120 CLF - TOTAL GOLD,RK,CATENE#ON ROAD#RACING#ZXW
HB753075122G,CATENA RK GB530ZXW-122 CLF - TOTAL GOLD,RK,CATENE#ON ROAD#RACING#ZXW
HO18FI,BRAKE DISK ROUND FIX FRONT,BRAKI,DISKS#OFF ROAD#URBAN#R-FIX
KIT5303001214,OKI KIT [FRONT&REAR DISCS + PADS],BRAKI,OKI KIT#SCOOTER#RACING#OKI
KIT5303001519,OKI KIT [FRONT&REAR DISCS + PADS],BRAKI,OKI KIT#SCOOTER#RACING#OKI
KIT560320.24,OKI KIT [FRONT&REAR DISCS + PADS],BRAKI,OKI KIT#SCOOTER#RACING#OKI
KITOR500407,OKI KIT [FRONT&REAR DISCS + PADS],BRAKI,OKI KIT#SCOOTER#URBAN#OKI
KITOR500811,OKI KIT [FRONT&REAR DISCS + PADS],BRAKI,OKI KIT#SCOOTER#URBAN#OKI
KITOR5301219,OKI KIT [FRONT&REAR DISCS + PADS],BRAKI,OKI KIT#SCOOTER#URBAN#OKI
KITOS500407,OKI KIT [FRONT&REAR DISCS + PADS],BRAKI,OKI KIT#SCOOTER#CHALLENGE#OKI
KITOS500811,OKI KIT [FRONT&REAR DISCS + PADS],BRAKI,OKI KIT#SCOOTER#CHALLENGE#OKI
KITOS5301219,OKI KIT [FRONT&REAR DISCS + PADS],BRAKI,OKI KIT#SCOOTER#CHALLENGE#OKI
KITOW500407,OKI KIT [FRONT&REAR DISCS + PADS],BRAKI,OKI KIT#SCOOTER#RACING#OKI
KITOW500811,OKI KIT [FRONT&REAR DISCS + PADS],BRAKI,OKI KIT#SCOOTER#RACING#OKI
KITOW5301219,OKI KIT [FRONT&REAR DISCS + PADS],BRAKI,OKI KIT#SCOOTER#RACING#OKI
KITR10,KIT REPLACEMENT,BRAKI,REPLACEMENT#ALL#REP
KR0028,KIT REPLACEMENT,BRAKI,REPLACEMENT#ALL#REP
KR0030,KIT REPLACEMENT,BRAKI,REPLACEMENT#ALL#REP
KR0036,KIT REPLACEMENT,BRAKI,REPLACEMENT#ALL#REP
KR0041,KIT REPLACEMENT,BRAKI,REPLACEMENT#ALL#REP
KR0043,KIT REPLACEMENT,BRAKI,REPLACEMENT#ALL#REP
KR0044,KIT REPLACEMENT,BRAKI,REPLACEMENT#ALL#REP
KR0054,KIT REPLACEMENT,BRAKI,REPLACEMENT#ALL#REP
KR0056,KIT REPLACEMENT,BRAKI,REPLACEMENT#ALL#REP
KR0057,KIT REPLACEMENT,BRAKI,REPLACEMENT#ALL#REP
KR0066,KIT REPLACEMENT,BRAKI,REPLACEMENT#ALL#REP
KR0070,KIT REPLACEMENT,BRAKI,REPLACEMENT#ALL#REP
KR0071,KIT REPLACEMENT,BRAKI,REPLACEMENT#ALL#REP
KR0079,KIT REPLACEMENT,BRAKI,REPLACEMENT#ALL#REP
KR0087,KIT REPLACEMENT,BRAKI,REPLACEMENT#ALL#REP
KR0089,KIT REPLACEMENT,BRAKI,REPLACEMENT#ALL#REP
KR0098,KIT REPLACEMENT,BRAKI,REPLACEMENT#ALL#REP
KR0099,KIT REPLACEMENT,BRAKI,REPLACEMENT#ALL#REP
KR0125,KIT REPLACEMENT,BRAKI,REPLACEMENT#ALL#REP
KR0146,KIT REPLACEMENT,BRAKI,REPLACEMENT#ALL#REP
KR0147,KIT REPLACEMENT,BRAKI,REPLACEMENT#ALL#REP
KR0154,KIT REPLACEMENT,BRAKI,REPLACEMENT#ALL#REP
KR0155,KIT REPLACEMENT,BRAKI,REPLACEMENT#ALL#REP
KR0158,KIT REPLACEMENT,BRAKI,REPLACEMENT#ALL#REP
KR0159,KIT REPLACEMENT,BRAKI,REPLACEMENT#ALL#REP
KR0170,KIT REPLACEMENT,BRAKI,REPLACEMENT#ALL#REP
KR0178,KIT REPLACEMENT,BRAKI,REPLACEMENT#ALL#REP
KR0179,KIT REPLACEMENT,BRAKI,REPLACEMENT#ALL#REP
KR0182,KIT REPLACEMENT,BRAKI,REPLACEMENT#ALL#REP
KR0183,KIT REPLACEMENT,BRAKI,REPLACEMENT#ALL#REP
KR0193,KIT REPLACEMENT,BRAKI,REPLACEMENT#ALL#REP
KR0195R,KIT REPLACEMENT,BRAKI,REPLACEMENT#ON ROAD#RACING#REP
KR0197,KIT REPLACEMENT,BRAKI,REPLACEMENT#ALL#REP
KR0202,KIT REPLACEMENT,BRAKI,REPLACEMENT#ALL#REP
KR0203,KIT REPLACEMENT,BRAKI,REPLACEMENT#ALL#REP
KR0204,KIT REPLACEMENT,BRAKI,REPLACEMENT#ALL#REP
KR0205,KIT REPLACEMENT,BRAKI,REPLACEMENT#ALL#REP
KR0206,KIT REPLACEMENT,BRAKI,REPLACEMENT#ALL#REP
KR0210,KIT REPLACEMENT,BRAKI,REPLACEMENT#ALL#REP
KR0215,KIT REPLACEMENT,BRAKI,REPLACEMENT#ALL#REP
KR0217,KIT REPLACEMENT,BRAKI,REPLACEMENT#ALL#REP
KR0218,KIT REPLACEMENT,BRAKI,REPLACEMENT#ALL#REP
KR0219,KIT REPLACEMENT,BRAKI,REPLACEMENT#ALL#REP
KR0220,KIT REPLACEMENT,BRAKI,REPLACEMENT#ALL#REP
KR0221,KIT REPLACEMENT,BRAKI,REPLACEMENT#ALL#REP
KRB001,ERGONOMIC BICYCLE RIGHT FIX LEVER,BRAKI,ALL BICYCLE#BICI#CHALLENGE#LEVER
KRB002,ERGONOMIC BICYCLE LEFT FIX LEVER,BRAKI,ALL BICYCLE#BICI#CHALLENGE#LEVER
KRB003,INCAS CARTRIDGE 10,BRAKI,ALL BICYCLE#BICI#CHALLENGE#REP
KRB004,BICYCLE MC COVER RIGHT,BRAKI,ALL BICYCLE#BICI#CHALLENGE#REP
KRB005,BICYCLE MC COVER LEFT,BRAKI,ALL BICYCLE#BICI#CHALLENGE#REP
KRB006,OVERSIZE BICYCLE CALIPER WITH RADIATOR (CNC),BRAKI,ALL BICYCLE#BICI#CHALLENGE#BICYCLE CALIPER
KRB007,SPACER/RADIATOR FOR BICYCLE CNC CALIPER,BRAKI,ALL BICYCLE#BICI#CHALLENGE#REP
KRB008,MATCHMAKER SRAM RIGHT,BRAKI,ALL BICYCLE#BICI#CHALLENGE#REP
KRB009,MATCHMAKER SRAM LEFT,BRAKI,ALL BICYCLE#BICI#CHALLENGE#REP
KRB010,RADIATOR FOR INCAS SYSTEM,BRAKI,ALL BICYCLE#BICI#CHALLENGE#KR10
KRB011,INCAS CARTRIDGE 9,BRAKI,ALL BICYCLE#BICI#CHALLENGE#REP
KRB012,REPLACEMENT MEMBRANE KIT RIGHT,BRAKI,ALL BICYCLE#BICI#CHALLENGE#REP
KRB013,REPLACEMENT MEMBRANE KIT LEFT,BRAKI,ALL BICYCLE#BICI#CHALLENGE#REP
KRB014,SCREWS FOR PADS INCAS,BRAKI,ALL BICYCLE#BICI#URBAN#REP
KRB015,ORINGS FOR BICYCLE CALIPER,BRAKI,ALL BICYCLE#BICI#URBAN#REP
KRB017,OR BICYCLE CALIPER BLEED 10 pcs,BRAKI,ALL BICYCLE#BICI#URBAN#REP
KRB019,BICYCLE CALIPER PISTONS D.26,BRAKI,ALL BICYCLE#BICI#URBAN#REP
KRF001,MASTER CYLINDER RIGHT,BRAKI,ALL BICYCLE#BICI#ALL#BICYCLE M-CYLINDER
KRF002,MASTER CYLINDER LEFT,BRAKI,ALL BICYCLE#BICI#ALL#BICYCLE M-CYLINDER
KRF003,ERGONOMIC LEVER RIGHT,BRAKI,ALL BICYCLE#BICI#ALL#REP
KRF004,ERGONOMIC LEVER LEFT,BRAKI,ALL BICYCLE#BICI#ALL#REP
KRF005,SHORT LINK,BRAKI,ALL BICYCLE#BICI#ALL#REP
KRF006,STANDARD LINK,BRAKI,ALL BICYCLE#BICI#ALL#REP
KRF007,LONG LINK,BRAKI,ALL BICYCLE#BICI#ALL#REP
KRF008,MASTER CYLINDER PISTON ROD SCREW + MEMBRANE + NUT,BRAKI,ALL BICYCLE#BICI#ALL#REP
KRF009,MASTER CYLINDER BRACELET AND SCREWS,BRAKI,ALL BICYCLE#BICI#ALL#REP
KRF010,MATCHMAKER SRAM RIGHT,BRAKI,ALL BICYCLE#BICI#ALL#REP
KRF011,MATCHMAKER SRAM LEFT,BRAKI,ALL BICYCLE#BICI#ALL#REP
KRF012,MATCHMAKER SHIMANO RIGHT,BRAKI,ALL BICYCLE#BICI#ALL#REP
KRF013,MATCHMAKER SHIMANO LEFT,BRAKI,ALL BICYCLE#BICI#ALL#REP
KRF014,MASTER CYLINDER NUTS SET,BRAKI,ALL BICYCLE#BICI#ALL#REP
KRF015,MASTER CYLINDER COVER AND SCREWS,BRAKI,ALL BICYCLE#BICI#ALL#REP
KRF016,MASTER CYLINDER'S CARTRIDGE Ø9 MM,BRAKI,ALL BICYCLE#BICI#ALL#REP
KRF017,MASTER CYLINDER'S CARTRIDGE Ø10 MM,BRAKI,ALL BICYCLE#BICI#ALL#REP
KRF018,COMPLETE CALIPER 2.0 FRONT,BRAKI,ALL BICYCLE#BICI#ALL#BICYCLE CALIPER
KRF019,COMPLETE CALIPER 2.0 REAR,BRAKI,ALL BICYCLE#BICI#ALL#BICYCLE CALIPER
KRF020,KIT SERVICE CALIPER O-RINGS AND PISTONS (1CP),BRAKI,ALL BICYCLE#BICI#ALL#REP
KRF021,PINS FOR PADS FIXING (1 PAIR),BRAKI,ALL BICYCLE#BICI#ALL#REP
KRF023,BLEEDING KIT,BRAKI,ALL BICYCLE#BICI#ALL#REP
KS0004,KIT SPECIAL [DISCS + PADS],BRAKI,KIT#OFF ROAD#URBAN#KIT2D
KS0005,KIT SPECIAL [DISCS + PADS],BRAKI,KIT#OFF ROAD#URBAN#KIT2D
KS0006,KIT SPECIAL [DISCS + PADS],BRAKI,KIT#OFF ROAD#URBAN#KIT2D
KS0007,KIT SPECIAL [DISCS + PADS],BRAKI,KIT#OFF ROAD#URBAN#KIT2D
KS0009,KIT SPECIAL [DISCS + PADS],BRAKI,KIT#OFF ROAD#URBAN#KIT2D
KS2001,COMPLETE SYSTEM INCAS Ø9 (95/180) BRAIDED TUBES,BRAKI,KIT#BICI#RACING#KIT3D
KS2002,COMPLETE SYSTEM INCAS Ø9 (95/180) KEVLAR STD TUBES,BRAKI,KIT#BICI#RACING#KIT3D
KS2004,COMPLETE SYSTEM INCAS Ø9 (85/180) BRAIDED TUBES Ø5 mm,BRAKI,KIT#BICI#RACING#KIT3D
KS2005,COMPLETE SYSTEM INCAS Ø9 (95/180) Ø180 DISK TH. 3,BRAKI,KIT#BICI#RACING#KIT3D
KS2006,COMPLETE SYSTEM INCAS Ø9 (95/180) Ø203 DISK TH. 3,BRAKI,KIT#BICI#RACING#KIT3D
KS2008,COMPLETE SYSTEM INCAS Ø9 (85/180) BRAID.T. Ø5 DISK Ø180 TH.3,BRAKI,KIT#BICI#RACING#KIT3D
KS2009,COMPLETE SYSTEM INCAS Ø9 (85/180) BRAID.T. Ø5 DISK Ø203 TH.3,BRAKI,KIT#BICI#RACING#KIT3D
KS2300,COMPLETE SYSTEM FIRST Ø9 (85/180) BRAIDED TUBES Ø5,BRAKI,KIT#BICI#RACING#KIT3D
KS2303,COMPLETE SYSTEM FIRST Ø9 (85/180) KEVLAR STD TUBES,BRAKI,KIT#BICI#RACING#KIT3D
KS2400,COMPLETE SYSTEM EVO1 Ø9 (85/180) BRAIDED TUBES Ø5,BRAKI,KIT#BICI#RACING#KIT3D
KS2900,COMPLETE SYSTEM Ø10 4P (90/180) T. Ø5,BRAKI,KIT#BICI#RACING#4P
LW2001,LIGHTWAVE BICYCLE DISK Ø140,BRAKI,DISKS#BICI#CHALLENGE#W-FLO
LW2002,LIGHTWAVE BICYCLE DISK Ø160,BRAKI,DISKS#BICI#CHALLENGE#W-FLO
MC013,BRAKE SWITCHES,BRAKI,REPLACEMENT#ALL#REP
MC1607,M-CYLINDER BRAKE FRONT Ø11 CAST,BRAKI,MASTER CYLINDERS & LEVERS#OFF ROAD#URBAN#AXIAL CROSS BRAKE
MCC09F,M-CYLINDER BRAKE Ø9 BICYCLE,BRAKI,MASTER CYLINDERS & LEVERS#BICI#RACING#BICYCLE M-CYLINDER
MCC09R,M-CYLINDER BRAKE Ø9 BICYCLE,BRAKI,MASTER CYLINDERS & LEVERS#BICI#RACING#BICYCLE M-CYLINDER
MP1603,M-CYLINDER BRAKE REAR Ø11 CAST,BRAKI,MASTER CYLINDERS & LEVERS#OFF ROAD#CHALLENGE#MP16
OKRH02,OKI KIT [RH + ACCESSORIES] Ø320,BRAKI,OKI KIT#ON ROAD#URBAN#OKI
OKRH04,OKI KIT [RH + ACCESSORIES] Ø320,BRAKI,OKI KIT#ON ROAD#CHALLENGE#OKI
OKS312,OKI KIT [S3 BATFLY + ACCESSORIES] Ø260,BRAKI,OKI KIT#OFF ROAD#RACING#OKI
OKWH04,OKI KIT [WH + ACCESSORIES] Ø320,BRAKI,OKI KIT#ON ROAD#CHALLENGE#OKI
OKWK03,OKI KIT [SK2 + ACCESSORIES] Ø320,BRAKI,OKI KIT#ON ROAD#RACING#OKI
OKWK14,OKI KIT [SK2 + ACCESSORIES] Ø 320,BRAKI,OKI KIT#SCOOTER#RACING#OKI
P50998,PAD SINTERED,BRAKI,PADS#ON ROAD#CHALLENGE#P50
PW2009,BICYCLE BRACKET from PM160toPM180 DISK,BRAKI,CALIPERS & BRACKETS#BICI#ALL#POW
PW2010,BICYCLE BRACKET from PM180toPM203 DISK,BRAKI,CALIPERS & BRACKETS#BICI#ALL#POW
PW2011,BICYCLE BRACKET PM 200to220 BLACK,BRAKI,CALIPERS & BRACKETS#BICI#ALL#POW
PW4008,POW BRACKET,BRAKI,CALIPERS & BRACKETS#OFF ROAD#ALL#POW
PW4014,POW BRACKET REAR,BRAKI,CALIPERS & BRACKETS#ALL#POW
PW4015,POW BRACKET,BRAKI,CALIPERS & BRACKETS#OFF ROAD#ALL#POW
PW4017,POW BRACKET FRONT,BRAKI,CALIPERS & BRACKETS#OFF ROAD#ALL#POW
PW4021,POW BRACKET FRONT,BRAKI,CALIPERS & BRACKETS#OFF ROAD#ALL#POW
PW4022,POW BRACKET FRONT,BRAKI,CALIPERS & BRACKETS#OFF ROAD#ALL#POW
PW4023,POW BRACKET FRONT,BRAKI,CALIPERS & BRACKETS#OFF ROAD#ALL#POW
PW4024,POW BRACKET FRONT,BRAKI,CALIPERS & BRACKETS#OFF ROAD#ALL#POW
RF7554,BRAKE DISK ROUND FIX REAR,BRAKI,DISKS#ON ROAD#URBAN#R-FIX
RF8146S,BRAKE DISK ROUND FIX FRONT SCOOTER LINE,BRAKI,DISKS#SCOOTER#URBAN#R-FIX
RL8002,BRAKE DISK ROUND FLOATING STEEL HUB Ø267,BRAKI,DISKS#SCOOTER#URBAN#R-FLO
RX0007,FITTING STEEL,BRAKI,TUBES & FITTINGS#ALL#CHALLENGE#RX
RX0008,P-CLIPS,BRAKI,TUBES & FITTINGS#ALL#CHALLENGE#RX
RX0009,TEE FITTING,BRAKI,TUBES & FITTINGS#ALL#CHALLENGE#RX
SKW01LD,BRAKE DISK WAVE FLOATING AL-HUB SK Ø280,BRAKI,REPLACEMENT#ALL#W-FLO
SKW01RD,BRAKE DISK WAVE FLOATING AL-HUB SK Ø280,BRAKI,REPLACEMENT#ALL#W-FLO
SKW04LD,BRAKE DISK WAVE FLOATING AL-HUB SK Ø300,BRAKI,REPLACEMENT#ALL#W-FLO
SKW04RD,BRAKE DISK WAVE FLOATING AL-HUB SK Ø300,BRAKI,REPLACEMENT#ALL#W-FLO
TB0003,STEEL FITTINGS BICYCLE,BRAKI,ALL BICYCLE#BICI#URBAN#TUBE & FITTINGS BICYCLE
TB0004,KEVLAR TUBES & ALLOY FITTINGS  BICYCLE COMPLETE,BRAKI,ALL BICYCLE#BICI#CHALLENGE#TUBE & FITTINGS BICYCLE
TB0005,ALLOY FITTINGS BICYCLE,BRAKI,ALL BICYCLE#BICI#URBAN#TUBE & FITTINGS BICYCLE
TB0008,KEVLAR BRAIDED TUBES BICYCLE COMPLETE,BRAKI,ALL BICYCLE#BICI#URBAN#TUBE & FITTINGS BICYCLE
TESTTEAMSYSTEM,TESTTESTEST,BRAKING,DISKS#ON ROAD#URBAN#R-FLO
TX120G,HOSES+SHEAT TRASPARENT,BRAKI,TUBES & FITTINGS#ALL#CHALLENGE#TX
TX128G,HOSES+SHEAT TRASPARENT,BRAKI,TUBES & FITTINGS#ALL#CHALLENGE#TX
WF2014,BRAKE DISK WAVE FIX Ø180 TH. 3 BICYCLE,BRAKI,DISKS#BICI#RACING#W-FIX
WF2015,BRAKE DISK WAVE FIX Ø203 TH. 3 BICYCLE,BRAKI,DISKS#BICI#RACING#W-FIX
WF4519,BRAKE DISK WAVE FIX REAR,BRAKI,DISKS#OFF ROAD#CHALLENGE#W-FIX
WF7543,BRAKE DISK WAVE FIX REAR,BRAKI,DISKS#ON ROAD#CHALLENGE#W-FIX
WK3004L,BRAKE DISK WAVE FLOATING AL-HUB SK3 Ø300,BRAKI,DISKS#ON ROAD#RACING#SK3
WK3004R,BRAKE DISK WAVE FLOATING AL-HUB SK3 Ø300,BRAKI,DISKS#ON ROAD#RACING#SK3
WK3006L,BRAKE DISK WAVE FLOATING AL-HUB SK3 Ø310,BRAKI,DISKS#ON ROAD#RACING#SK3
WK3006R,BRAKE DISK WAVE FLOATING AL-HUB SK3 Ø310,BRAKI,DISKS#ON ROAD#RACING#SK3
WK3009L,BRAKE DISK WAVE FLOATING AL-HUB SK3 Ø320,BRAKI,DISKS#ON ROAD#RACING#SK3
WK3009R,BRAKE DISK WAVE FLOATING AL-HUB SK3 Ø320,BRAKI,DISKS#ON ROAD#RACING#SK3
WK3010L,BRAKE DISK WAVE FLOATING AL-HUB SK3 Ø310,BRAKI,DISKS#ON ROAD#RACING#SK3
WK3010R,BRAKE DISK WAVE FLOATING AL-HUB SK3 Ø310,BRAKI,DISKS#ON ROAD#RACING#SK3
WK3012L,BRAKE DISK WAVE FLOATING AL-HUB SK3 Ø310,BRAKI,DISKS#ON ROAD#RACING#SK3
WK3012R,BRAKE DISK WAVE FLOATING AL-HUB SK3 Ø310,BRAKI,DISKS#ON ROAD#RACING#SK3
WK3015L,BRAKE DISK WAVE FLOATING AL-HUB SK3 Ø300,BRAKI,DISKS#ON ROAD#RACING#SK3
WK3015R,BRAKE DISK WAVE FLOATING AL-HUB SK3 Ø300,BRAKI,DISKS#ON ROAD#RACING#SK3
WK3030L,BRAKE DISK WAVE FLAOTING AL-HUB SK3 Ø 310,BRAKI,DISKS#ON ROAD#RACING#SK3
WK3030R,BRAKE DISK WAVE FLAOTING AL-HUB SK3 Ø 310,BRAKI,DISKS#ON ROAD#RACING#SK3
WK3033L,BRAKE DISK WAVE FLOATING AL-HUB SK3 Ø320,BRAKI,DISKS#ON ROAD#RACING#SK3
WK3033R,BRAKE DISK WAVE FLOATING AL-HUB SK3 Ø320,BRAKI,DISKS#ON ROAD#RACING#SK3
WK3059L,BRAKE DISK WAVE FLOATING AL-HUB SK3 Ø320,BRAKI,DISKS#ON ROAD#RACING#SK3
WK3079L,BRAKE DISK WAVE FLAOTING AL-HUB SK3 Ø 310,BRAKI,DISKS#ON ROAD#RACING#SK3
WK3086L,BRAKE DISK WAVE FLOATING AL-HUB SK3 Ø310,BRAKI,DISKS#ON ROAD#RACING#SK3
WK3089R,BRAKE DISK WAVE FLOATING AL-HUB SK3 Ø310,BRAKI,DISKS#ON ROAD#RACING#SK3
WK3092L,BRAKE DISK WAVE FLOATING AL-HUB SK3 Ø320,BRAKI,DISKS#ON ROAD#RACING#SK3
WK3092R,BRAKE DISK WAVE FLOATING AL-HUB SK3 Ø320,BRAKI,DISKS#ON ROAD#RACING#SK3
WK3093L,BRAKE DISK WAVE FLOATING AL-HUB SK3 Ø290,BRAKI,DISKS#ON ROAD#RACING#SK3
WK3093R,BRAKE DISK WAVE FLOATING AL-HUB SK3 Ø290,BRAKI,DISKS#ON ROAD#RACING#SK3
WK3094L,BRAKE DISK WAVE FLOATING AL-HUB SK3 Ø310,BRAKI,DISKS#ON ROAD#RACING#SK3
WK3094R,BRAKE DISK WAVE FLOATING AL-HUB SK3 Ø310,BRAKI,DISKS#ON ROAD#RACING#SK3
WK3095L,BRAKE DISK WAVE FLAOTING AL-HUB SK3 Ø 330,BRAKI,DISKS#ON ROAD#RACING#SK3
WK3095R,BRAKE DISK WAVE FLAOTING AL-HUB SK3 Ø 330,BRAKI,DISKS#ON ROAD#RACING#SK3
WK3096L,BRAKE DISK WAVE FLAOTING AL-HUB SK3 Ø 300,BRAKI,DISKS#ON ROAD#RACING#SK3
WK3096R,BRAKE DISK WAVE FLAOTING AL-HUB SK3 Ø 300,BRAKI,DISKS#ON ROAD#RACING#SK3
WK3098L,BRAKE DISK WAVE FLAOTING AL-HUB SK3 Ø 320,BRAKI,DISKS#ON ROAD#RACING#SK3
WK3098R,BRAKE DISK WAVE FLAOTING AL-HUB SK3 Ø 320,BRAKI,DISKS#ON ROAD#RACING#SK3
WK3101L,BRAKE DISK WAVE FLOATING AL-HUB SK3 Ø310,BRAKI,DISKS#ON ROAD#RACING#SK3
WK3101R,BRAKE DISK WAVE FLOATING AL-HUB SK3 Ø310,BRAKI,DISKS#ON ROAD#RACING#SK3
WK3102L,BRAKE DISK WAVE FLOATING AL-HUB SK3 Ø320,BRAKI,DISKS#ON ROAD#RACING#SK3
WK3102R,BRAKE DISK WAVE FLOATING AL-HUB SK3 Ø320,BRAKI,DISKS#ON ROAD#RACING#SK3
WK3105L,BRAKE DISK WAVE FLOATING AL-HUB SK3 Ø320,BRAKI,DISKS#ON ROAD#RACING#SK3
WK3105R,BRAKE DISK WAVE FLOATING AL-HUB SK3 Ø320,BRAKI,DISKS#ON ROAD#RACING#SK3
WK3106L,BRAKE DISK WAVE FLOATING AL-HUB SK3 Ø292,BRAKI,DISKS#ON ROAD#RACING#SK3
WK3106R,BRAKE DISK WAVE FLOATING AL-HUB SK3 Ø292,BRAKI,DISKS#ON ROAD#RACING#SK3
WK3107R,BRAKE DISK WAVE FLAOTING AL-HUB SK3 Ø 320,BRAKI,DISKS#ON ROAD#RACING#SK3
WK3110L,BRAKE DISK WAVE FLOATING AL-HUB SK3 Ø320,BRAKI,DISKS#ON ROAD#RACING#SK3
WK3110R,BRAKE DISK WAVE FLOATING AL-HUB SK3 Ø320,BRAKI,DISKS#ON ROAD#RACING#SK3
WK3111L,BRAKE DISK WAVE FLOATING AL-HUB SK3 Ø310,BRAKI,DISKS#ON ROAD#RACING#SK3
WK3113L,BRAKE DISK WAVE FLAOTING AL-HUB SK3 Ø 320,BRAKI,DISKS#ON ROAD#RACING#SK3
WK3113R,BRAKE DISK WAVE FLAOTING AL-HUB SK3 Ø 320,BRAKI,DISKS#ON ROAD#RACING#SK3
WK3118L,BRAKE DISK WAVE FLOATING AL-HUB SK3 Ø320,BRAKI,DISKS#ON ROAD#RACING#SK3
WK3118R,BRAKE DISK WAVE FLOATING AL-HUB SK3 Ø320,BRAKI,DISKS#ON ROAD#RACING#SK3
WK3120L,BRAKE DISK WAVE FLOATING AL-HUB SK3 Ø300,BRAKI,DISKS#ON ROAD#RACING#SK3
WK3121R,BRAKE DISK WAVE FLOATING AL-HUB SK3 Ø300,BRAKI,DISKS#ON ROAD#RACING#SK3
WK3122L,BRAKE DISK WAVE FLAOTING AL-HUB SK3 Ø 310,BRAKI,DISKS#ON ROAD#RACING#SK3
WK3122R,BRAKE DISK WAVE FLAOTING AL-HUB SK3 Ø 310,BRAKI,DISKS#ON ROAD#RACING#SK3
WK3124L,BRAKE DISK WAVE FLOATING AL-HUB SK3 Ø310,BRAKI,DISKS#ON ROAD#RACING#SK3
WK3128L,BRAKE DISK WAVE FLOATING AL-HUB SK3 Ø310,BRAKI,DISKS#ON ROAD#RACING#SK3
WK3130L,BRAKE DISK WAVE FLOATING AL-HUB SK3 Ø320,BRAKI,DISKS#ON ROAD#RACING#SK3
WK3130R,BRAKE DISK WAVE FLOATING AL-HUB SK3 Ø320,BRAKI,DISKS#ON ROAD#RACING#SK3
WK3131L,BRAKE DISK WAVE FLAOTING AL-HUB SK3 Ø 320,BRAKI,DISKS#ON ROAD#RACING#SK3
WK3133L,BRAKE DISK WAVE FLOATING AL-HUB SK3 Ø310,BRAKI,DISKS#ON ROAD#RACING#SK3
WK3133R,BRAKE DISK WAVE FLOATING AL-HUB SK3 Ø310,BRAKI,DISKS#ON ROAD#RACING#SK3
WK3136L,BRAKE DISK WAVE FLOATING AL-HUB SK3 Ø320,BRAKI,DISKS#ON ROAD#RACING#SK3
WK3136R,BRAKE DISK WAVE FLOATING AL-HUB SK3 Ø320,BRAKI,DISKS#ON ROAD#RACING#SK3
WK3139L,BRAKE DISK WAVE FLOATING AL-HUB SK3 Ø300,BRAKI,DISKS#ON ROAD#RACING#SK3
WK3139R,BRAKE DISK WAVE FLOATING AL-HUB SK3 Ø300,BRAKI,DISKS#ON ROAD#RACING#SK3
WK3145L,BRAKE DISK WAVE FLOATING AL-HUB SK3 Ø330,BRAKI,DISKS#ON ROAD#RACING#SK3
WK3145R,BRAKE DISK WAVE FLOATING AL-HUB SK3 Ø330,BRAKI,DISKS#ON ROAD#RACING#SK3
WK3146L,BRAKE DISK WAVE FLOATING AL-HUB SK3 Ø330,BRAKI,DISKS#ON ROAD#RACING#SK3
WK3146R,BRAKE DISK WAVE FLOATING AL-HUB SK3 Ø330,BRAKI,DISKS#ON ROAD#RACING#SK3
WK3151L,BRAKE DISK WAVE FLOATING AL-HUB SK3 Ø300,BRAKI,DISKS#ON ROAD#RACING#SK3
WK3151R,BRAKE DISK WAVE FLOATING AL-HUB SK3 Ø300,BRAKI,DISKS#ON ROAD#RACING#SK3
WK3153L,BRAKE DISK WAVE FLAOTING AL-HUB SK3 Ø 320,BRAKI,DISKS#ON ROAD#RACING#SK3
WK3153R,BRAKE DISK WAVE FLAOTING AL-HUB SK3 Ø 320,BRAKI,DISKS#ON ROAD#RACING#SK3
WK3156L,BRAKE DISK WAVE FLOATING AL-HUB SK3 Ø330,BRAKI,DISKS#ON ROAD#RACING#SK3
WK3164R,BRAKE DISK WAVE FLOATING AL-HUB SK3 10 NOTT Ø310,BRAKI,DISKS#ON ROAD#RACING#SK3
WK3166L,BRAKE DISK WAVE FLOATING AL-HUB SK3 Ø320,BRAKI,DISKS#ON ROAD#RACING#SK3
WK3166R,BRAKE DISK WAVE FLOATING AL-HUB SK3 Ø320,BRAKI,DISKS#ON ROAD#RACING#SK3
WK3167L,BRAKE DISK WAVE FLOATING AL-HUB SK3 Ø300,BRAKI,DISKS#ON ROAD#RACING#SK3
WK3167R,BRAKE DISK WAVE FLOATING AL-HUB SK3 Ø300,BRAKI,DISKS#ON ROAD#RACING#SK3
